job_title,employer_name,job_publisher,job_employment_type,job_apply_link,job_city,job_google_link
Software Engineer - Full Stack Developer - All Levels,Silverthorne Advisory Group LLC,Indeed,Full-time,https://www.indeed.com/viewjob?jk=99c6c10609071a8f&utm_campaign=google_jobs_apply&utm_source=google_jobs_apply&utm_medium=organic,Washington,https://www.google.com/search?q=jobs&gl=us&hl=en&udm=8#vhid=vt%3D20/docid%3DgYsDx1E-MvQKVqyHAAAAAA%3D%3D&vssid=jobs-detail-viewer
Frontend Web Developer,CaseGuard,LinkedIn,Full-time,https://www.linkedin.com/jobs/view/frontend-web-developer-at-caseguard-4240372262?utm_campaign=google_jobs_apply&utm_source=google_jobs_apply&utm_medium=organic,Arlington,https://www.google.com/search?q=jobs&gl=us&hl=en&udm=8#vhid=vt%3D20/docid%3Dlh_Tstx-CDj1miUmAAAAAA%3D%3D&vssid=jobs-detail-viewer
Senior Python Full Stack Developer,Simple Solutions,Dice.com,Contractor,https://www.dice.com/job-detail/1aa076e1-6030-4f16-97c7-5c32a56ac4f6?utm_campaign=google_jobs_apply&utm_source=google_jobs_apply&utm_medium=organic,Washington,https://www.google.com/search?q=jobs&gl=us&hl=en&udm=8#vhid=vt%3D20/docid%3DTD5uOV967X3Q_LIDAAAAAA%3D%3D&vssid=jobs-detail-viewer
Junior Full Stack Developer,NIRA INC,LinkedIn,Full-time,https://www.linkedin.com/jobs/view/junior-full-stack-developer-at-nira-inc-4239757630?utm_campaign=google_jobs_apply&utm_source=google_jobs_apply&utm_medium=organic,Washington,https://www.google.com/search?q=jobs&gl=us&hl=en&udm=8#vhid=vt%3D20/docid%3DTenJpdnmMlc02A4hAAAAAA%3D%3D&vssid=jobs-detail-viewer
Full Stack Java Developer,iCatalyst,Indeed,Full-time,https://www.indeed.com/viewjob?jk=3a67bcadc4b67d92&utm_campaign=google_jobs_apply&utm_source=google_jobs_apply&utm_medium=organic,Washington,https://www.google.com/search?q=jobs&gl=us&hl=en&udm=8#vhid=vt%3D20/docid%3D9TWAUxdY_Z3iaP8iAAAAAA%3D%3D&vssid=jobs-detail-viewer
Software Developer I – Web Front End Developer Jobs,"Bailey Information Technology, LLC",Security Clearance Jobs,Full-time,https://www.clearancejobs.com/jobs/8360177/software-developer-i-web-front-end-developer?utm_campaign=google_jobs_apply&utm_source=google_jobs_apply&utm_medium=organic,Washington,https://www.google.com/search?q=jobs&gl=us&hl=en&udm=8#vhid=vt%3D20/docid%3DLGzqTd8WNPLHloXHAAAAAA%3D%3D&vssid=jobs-detail-viewer
"Sr Java Backend Programmer, 3 plus year project",CapB InfoteK,LinkedIn,Full-time,https://www.linkedin.com/jobs/view/sr-java-backend-programmer-3-plus-year-project-at-capb-infotek-4240365816?utm_campaign=google_jobs_apply&utm_source=google_jobs_apply&utm_medium=organic,Washington,https://www.google.com/search?q=jobs&gl=us&hl=en&udm=8#vhid=vt%3D20/docid%3DRo4Yxu1IP9fasUebAAAAAA%3D%3D&vssid=jobs-detail-viewer
Junior Backend Developer,"Pioneering Evolution, LLC",LinkedIn,Internship,https://www.linkedin.com/jobs/view/junior-backend-developer-at-pioneering-evolution-llc-4238019251?utm_campaign=google_jobs_apply&utm_source=google_jobs_apply&utm_medium=organic,Arlington,https://www.google.com/search?q=jobs&gl=us&hl=en&udm=8#vhid=vt%3D20/docid%3DOecK9QWxHwF8iOw6AAAAAA%3D%3D&vssid=jobs-detail-viewer
Full-Stack (.NET) Developer (5247),MetroStar,Indeed,Full-time,https://www.indeed.com/viewjob?jk=c9e1c6618c6f7708&utm_campaign=google_jobs_apply&utm_source=google_jobs_apply&utm_medium=organic,Washington,https://www.google.com/search?q=jobs&gl=us&hl=en&udm=8#vhid=vt%3D20/docid%3DdRRFv0meol2fFHANAAAAAA%3D%3D&vssid=jobs-detail-viewer
"Software Developer (Full Stack - Python, React)","US News & World Report ,L.P.",Indeed,Full-time,https://www.indeed.com/viewjob?jk=67bc3b2bb970485b&utm_campaign=google_jobs_apply&utm_source=google_jobs_apply&utm_medium=organic,Washington,https://www.google.com/search?q=jobs&gl=us&hl=en&udm=8#vhid=vt%3D20/docid%3DknJdF3gVDXkaVoxHAAAAAA%3D%3D&vssid=jobs-detail-viewer
"Senior Software Engineer, Full Stack, Bank Tech",Capital One,LinkedIn,Internship,https://www.linkedin.com/jobs/view/senior-software-engineer-full-stack-bank-tech-at-capital-one-4235472062?utm_campaign=google_jobs_apply&utm_source=google_jobs_apply&utm_medium=organic,Washington,https://www.google.com/search?q=jobs&gl=us&hl=en&udm=8#vhid=vt%3D20/docid%3D2j7xcDSrSqZKpi3MAAAAAA%3D%3D&vssid=jobs-detail-viewer
Full Stack Software Developer Jobs,Booz Allen Hamilton,Security Clearance Jobs,Full-time,https://www.clearancejobs.com/jobs/8364188/full-stack-software-developer?utm_campaign=google_jobs_apply&utm_source=google_jobs_apply&utm_medium=organic,Bethesda,https://www.google.com/search?q=jobs&gl=us&hl=en&udm=8#vhid=vt%3D20/docid%3D13dT7faddR04XgLxAAAAAA%3D%3D&vssid=jobs-detail-viewer
Front End Developer,maxar - Internetagentur,LinkedIn,Full-time,https://www.linkedin.com/jobs/view/front-end-developer-at-maxar-internetagentur-4241790556?utm_campaign=google_jobs_apply&utm_source=google_jobs_apply&utm_medium=organic,McLean,https://www.google.com/search?q=jobs&gl=us&hl=en&udm=8#vhid=vt%3D20/docid%3DB7wquhLA5DYaqeCRAAAAAA%3D%3D&vssid=jobs-detail-viewer
Senior Full-stack PHP Developers,MADCAD.com,Indeed,Full-time,https://www.indeed.com/viewjob?jk=c03503eab3647e03&utm_campaign=google_jobs_apply&utm_source=google_jobs_apply&utm_medium=organic,Washington,https://www.google.com/search?q=jobs&gl=us&hl=en&udm=8#vhid=vt%3D20/docid%3D1ag3PqlLv8JsYa9SAAAAAA%3D%3D&vssid=jobs-detail-viewer
Cleared Junior Appian Developer Jobs,HumanIT Solutions LLC,Security Clearance Jobs,Full-time,https://www.clearancejobs.com/jobs/8020836/cleared-junior-appian-developer?utm_campaign=google_jobs_apply&utm_source=google_jobs_apply&utm_medium=organic,Washington,https://www.google.com/search?q=jobs&gl=us&hl=en&udm=8#vhid=vt%3D20/docid%3Dap17Im1PP2-rhwNKAAAAAA%3D%3D&vssid=jobs-detail-viewer
Full Stack Software Developer,ECS,ZipRecruiter,Full-time,"https://www.ziprecruiter.com/c/ECS/Job/Full-Stack-Software-Developer/-in-Arlington,VA?jid=67d0fb0eb73461c2&utm_campaign=google_jobs_apply&utm_source=google_jobs_apply&utm_medium=organic",Arlington,https://www.google.com/search?q=jobs&gl=us&hl=en&udm=8#vhid=vt%3D20/docid%3DSFz6YK6-VQDeisa0AAAAAA%3D%3D&vssid=jobs-detail-viewer
Senior Full Stack Developer,Freddie Mac,Freddie Mac Careers,Full-time,https://careers.freddiemac.com/us/en/job/JR15544/Senior-Full-Stack-Developer?utm_campaign=google_jobs_apply&utm_source=google_jobs_apply&utm_medium=organic,McLean,https://www.google.com/search?q=jobs&gl=us&hl=en&udm=8#vhid=vt%3D20/docid%3DbXdHqjgzkjYAxUdvAAAAAA%3D%3D&vssid=jobs-detail-viewer
Java Fullstack Developer,WRA,LinkedIn,Full-time,https://www.linkedin.com/jobs/view/java-fullstack-developer-at-wra-4241534567?utm_campaign=google_jobs_apply&utm_source=google_jobs_apply&utm_medium=organic,McLean,https://www.google.com/search?q=jobs&gl=us&hl=en&udm=8#vhid=vt%3D20/docid%3DFSHDxQHK5iXfaWgUAAAAAA%3D%3D&vssid=jobs-detail-viewer
"Entry Level Software Developer at EAI Technologies Vienna, VA",EAI Technologies,Smartstart-Fc.org,Full-time,https://smartstart-fc.org/wp-job/job/entry-level-software-developer-at-eai-technologies-vienna-va-UHJabHlINWlvbVY2V2FoOXFaSHhNV3JKMmc9PQ==?utm_campaign=google_jobs_apply&utm_source=google_jobs_apply&utm_medium=organic,Vienna,https://www.google.com/search?q=jobs&gl=us&hl=en&udm=8#vhid=vt%3D20/docid%3DxZUW9OcRqlbZEJFMAAAAAA%3D%3D&vssid=jobs-detail-viewer
Junior Full Stack Developer,Addison Group,Addison Group,Full-time,https://www.addisongroup.com/jobs/job/junior-full-stack-developer-information-technology-mclean-va-a1qpl000002ox4vyag/c31958a5-ff96-11ef-baa2-42010a8a0019?utm_campaign=google_jobs_apply&utm_source=google_jobs_apply&utm_medium=organic,McLean,https://www.google.com/search?q=jobs&gl=us&hl=en&udm=8#vhid=vt%3D20/docid%3DaXGkSdjIxImQr9eAAAAAAA%3D%3D&vssid=jobs-detail-viewer
Sr. Software Developer Jobs,"22nd Century Technologies, Inc.",Security Clearance Jobs,Full-time,https://www.clearancejobs.com/jobs/8280216/sr-software-developer?utm_campaign=google_jobs_apply&utm_source=google_jobs_apply&utm_medium=organic,McLean,https://www.google.com/search?q=jobs&gl=us&hl=en&udm=8#vhid=vt%3D20/docid%3DtIYvkCM_ab9mIh_5AAAAAA%3D%3D&vssid=jobs-detail-viewer
"Citrix Developer || Washington, DC (Onsite/Hybrid)",Compunnel Inc.,LinkedIn,Contractor,https://www.linkedin.com/jobs/view/citrix-developer-washington-dc-onsite-hybrid-at-compunnel-inc-4233838620?utm_campaign=google_jobs_apply&utm_source=google_jobs_apply&utm_medium=organic,Washington,https://www.google.com/search?q=jobs&gl=us&hl=en&udm=8#vhid=vt%3D20/docid%3DkauenTq2j4sw3exJAAAAAA%3D%3D&vssid=jobs-detail-viewer
Full Stack Developer Jobs,Leidos,Security Clearance Jobs,Full-time,https://www.clearancejobs.com/jobs/8277219/full-stack-developer?utm_campaign=google_jobs_apply&utm_source=google_jobs_apply&utm_medium=organic,Washington,https://www.google.com/search?q=jobs&gl=us&hl=en&udm=8#vhid=vt%3D20/docid%3D2XCnPEMYy7xHCeFcAAAAAA%3D%3D&vssid=jobs-detail-viewer
Senior Frontend Developer,"Pioneering Evolution, LLC",LinkedIn,Full-time,https://www.linkedin.com/jobs/view/senior-frontend-developer-at-pioneering-evolution-llc-4238019250?utm_campaign=google_jobs_apply&utm_source=google_jobs_apply&utm_medium=organic,Arlington,https://www.google.com/search?q=jobs&gl=us&hl=en&udm=8#vhid=vt%3D20/docid%3D-lBv-YFUdBlNAwHgAAAAAA%3D%3D&vssid=jobs-detail-viewer
"Senior Lead Software Engineer, Back End (Enterprise Platforms Technology)",Capital One,LinkedIn,Internship,https://www.linkedin.com/jobs/view/senior-lead-software-engineer-back-end-enterprise-platforms-technology-at-capital-one-4235472363?utm_campaign=google_jobs_apply&utm_source=google_jobs_apply&utm_medium=organic,Washington,https://www.google.com/search?q=jobs&gl=us&hl=en&udm=8#vhid=vt%3D20/docid%3DTCDIFx1OPVHFJNC0AAAAAA%3D%3D&vssid=jobs-detail-viewer
Senior Front-End Developer Jobs,Two Six Technologies,Security Clearance Jobs,Full-time,https://www.clearancejobs.com/jobs/8302956/senior-front-end-developer?utm_campaign=google_jobs_apply&utm_source=google_jobs_apply&utm_medium=organic,Arlington,https://www.google.com/search?q=jobs&gl=us&hl=en&udm=8#vhid=vt%3D20/docid%3Ds1shSBhlqnQnyJEMAAAAAA%3D%3D&vssid=jobs-detail-viewer
Software Engineer (508 Compliance SME),Saliense Consulting LLC,Indeed,Full-time,https://www.indeed.com/viewjob?jk=050d23e920399bbb&utm_campaign=google_jobs_apply&utm_source=google_jobs_apply&utm_medium=organic,Arlington,https://www.google.com/search?q=jobs&gl=us&hl=en&udm=8#vhid=vt%3D20/docid%3DEeGopROX07SlRldeAAAAAA%3D%3D&vssid=jobs-detail-viewer
Software Dev Engineer II,Amazon,LinkedIn,Full-time,https://www.linkedin.com/jobs/view/software-dev-engineer-ii-at-amazon-4132244495?utm_campaign=google_jobs_apply&utm_source=google_jobs_apply&utm_medium=organic,Arlington,https://www.google.com/search?q=jobs&gl=us&hl=en&udm=8#vhid=vt%3D20/docid%3DUs8-__hW7hohwwvvAAAAAA%3D%3D&vssid=jobs-detail-viewer
Associate Web Developer,Alarm.com,Indeed,Full-time,https://www.indeed.com/viewjob?jk=c8673e1ffc7f7661&utm_campaign=google_jobs_apply&utm_source=google_jobs_apply&utm_medium=organic,Tysons,https://www.google.com/search?q=jobs&gl=us&hl=en&udm=8#vhid=vt%3D20/docid%3DjmvpjfiKEnujSySqAAAAAA%3D%3D&vssid=jobs-detail-viewer
Software Developer Jobs,steampunk,Security Clearance Jobs,Full-time,https://www.clearancejobs.com/jobs/8369797/software-developer?utm_campaign=google_jobs_apply&utm_source=google_jobs_apply&utm_medium=organic,McLean,https://www.google.com/search?q=jobs&gl=us&hl=en&udm=8#vhid=vt%3D20/docid%3DvKBtqyFrzrQyCj57AAAAAA%3D%3D&vssid=jobs-detail-viewer
Programmer,"CALIBRE Systems, Inc.",LinkedIn,Full-time,https://www.linkedin.com/jobs/view/programmer-at-calibre-systems-inc-4236878389?utm_campaign=google_jobs_apply&utm_source=google_jobs_apply&utm_medium=organic,Alexandria,https://www.google.com/search?q=jobs&gl=us&hl=en&udm=8#vhid=vt%3D20/docid%3DkN2_SEkaszqwzImyAAAAAA%3D%3D&vssid=jobs-detail-viewer
Back End Software Engineer Secret Clearance,AG Grace Inc,Indeed,Full-time,https://www.indeed.com/viewjob?jk=b543aa501c825634&utm_campaign=google_jobs_apply&utm_source=google_jobs_apply&utm_medium=organic,Alexandria,https://www.google.com/search?q=jobs&gl=us&hl=en&udm=8#vhid=vt%3D20/docid%3D-7b2p7ANrq26S5RbAAAAAA%3D%3D&vssid=jobs-detail-viewer
Senior Frontend Developer,"WhirlWind Technologies, LLC",LinkedIn,Full-time,https://www.linkedin.com/jobs/view/senior-frontend-developer-at-whirlwind-technologies-llc-4172327502?utm_campaign=google_jobs_apply&utm_source=google_jobs_apply&utm_medium=organic,Oxon Hill,https://www.google.com/search?q=jobs&gl=us&hl=en&udm=8#vhid=vt%3D20/docid%3Di-MVyVfNr9CXL0-DAAAAAA%3D%3D&vssid=jobs-detail-viewer
ServiceNow Developer Jobs,BAE Systems,Security Clearance Jobs,Full-time,https://www.clearancejobs.com/jobs/8353770/servicenow-developer?utm_campaign=google_jobs_apply&utm_source=google_jobs_apply&utm_medium=organic,Arlington,https://www.google.com/search?q=jobs&gl=us&hl=en&udm=8#vhid=vt%3D20/docid%3D39zPYsASOeSv82UzAAAAAA%3D%3D&vssid=jobs-detail-viewer
FAA - Mid-Level Software Engineer with Security Clearance,ClearanceJobs,LinkedIn,Full-time,https://www.linkedin.com/jobs/view/faa-mid-level-software-engineer-with-security-clearance-at-clearancejobs-4237221751?utm_campaign=google_jobs_apply&utm_source=google_jobs_apply&utm_medium=organic,Washington,https://www.google.com/search?q=jobs&gl=us&hl=en&udm=8#vhid=vt%3D20/docid%3Db1a6kLvXnhybSbyPAAAAAA%3D%3D&vssid=jobs-detail-viewer
Front End Developer Jobs,Maxar Technologies Holdings Inc,Security Clearance Jobs,Full-time,https://www.clearancejobs.com/jobs/8344355/front-end-developer?utm_campaign=google_jobs_apply&utm_source=google_jobs_apply&utm_medium=organic,McLean,https://www.google.com/search?q=jobs&gl=us&hl=en&udm=8#vhid=vt%3D20/docid%3D21uyrfa0t1i74cdlAAAAAA%3D%3D&vssid=jobs-detail-viewer
Technical Consultant - Software Application Developer,Saliense Consulting LLC,Indeed,Full-time,https://www.indeed.com/viewjob?jk=997575df429489ba&utm_campaign=google_jobs_apply&utm_source=google_jobs_apply&utm_medium=organic,Arlington,https://www.google.com/search?q=jobs&gl=us&hl=en&udm=8#vhid=vt%3D20/docid%3DzcYMutpSQ-hVXkZJAAAAAA%3D%3D&vssid=jobs-detail-viewer
Mid-Level Full Stack Developer,IBM,LinkedIn,Full-time,https://www.linkedin.com/jobs/view/mid-level-full-stack-developer-at-ibm-4204045321?utm_campaign=google_jobs_apply&utm_source=google_jobs_apply&utm_medium=organic,Arlington,https://www.google.com/search?q=jobs&gl=us&hl=en&udm=8#vhid=vt%3D20/docid%3DqR1HS8_tLLg4QBYwAAAAAA%3D%3D&vssid=jobs-detail-viewer
Web Developer Jobs,Golden Tech Systems Inc.,Security Clearance Jobs,Full-time,https://www.clearancejobs.com/jobs/8124110/web-developer?utm_campaign=google_jobs_apply&utm_source=google_jobs_apply&utm_medium=organic,Falls Church,https://www.google.com/search?q=jobs&gl=us&hl=en&udm=8#vhid=vt%3D20/docid%3DFCQbTvZT4hoa5iABAAAAAA%3D%3D&vssid=jobs-detail-viewer
Junior Software Developer Intern,Prescient Edge Federal,Indeed,Internship,https://www.indeed.com/viewjob?jk=e8f2c2b558f7407b&utm_campaign=google_jobs_apply&utm_source=google_jobs_apply&utm_medium=organic,McLean,https://www.google.com/search?q=jobs&gl=us&hl=en&udm=8#vhid=vt%3D20/docid%3D9uYQGnSy8c1PLRrgAAAAAA%3D%3D&vssid=jobs-detail-viewer
Mainframe Developer ( 10+yrs exp - Need Local or near by state only ),Visionary Innovative Technology Solutions LLC,LinkedIn,Contractor,https://www.linkedin.com/jobs/view/mainframe-developer-10%2Byrs-exp-need-local-or-near-by-state-only-at-visionary-innovative-technology-solutions-llc-4237434292?utm_campaign=google_jobs_apply&utm_source=google_jobs_apply&utm_medium=organic,McLean,https://www.google.com/search?q=jobs&gl=us&hl=en&udm=8#vhid=vt%3D20/docid%3Dmfuk1Fooxhd4dd1KAAAAAA%3D%3D&vssid=jobs-detail-viewer
ABAP Developer,Vinsys Information Technology Inc,LinkedIn,Full-time,https://www.linkedin.com/jobs/view/abap-developer-at-vinsys-information-technology-inc-4239728124?utm_campaign=google_jobs_apply&utm_source=google_jobs_apply&utm_medium=organic,Bethesda,https://www.google.com/search?q=jobs&gl=us&hl=en&udm=8#vhid=vt%3D20/docid%3DyiCYmSx5pV04oDQOAAAAAA%3D%3D&vssid=jobs-detail-viewer
Principal Full Stack Developer,Leidos,Leidos Careers,Full-time,https://careers.leidos.com/jobs/15638235-principal-full-stack-developer?utm_campaign=google_jobs_apply&utm_source=google_jobs_apply&utm_medium=organic,Reston,https://www.google.com/search?q=jobs&gl=us&hl=en&udm=8#vhid=vt%3D20/docid%3DJbm2nWMBQSJjAQg0AAAAAA%3D%3D&vssid=jobs-detail-viewer
Senior Computer Network Operations (CNO) Developer,Battelle,Battelle Careers,Full-time,https://jobs.battelle.org/us/en/job/75418/Senior-Computer-Network-Operations-CNO-Developer?utm_campaign=google_jobs_apply&utm_source=google_jobs_apply&utm_medium=organic,Fort Meade,https://www.google.com/search?q=jobs&gl=us&hl=en&udm=8#vhid=vt%3D20/docid%3DdfhI065tja8KkK03AAAAAA%3D%3D&vssid=jobs-detail-viewer
Salesforce Developer Professional,Freddie Mac,Freddie Mac Careers,Full-time,https://careers.freddiemac.com/us/en/job/JR15536/Salesforce-Developer-Professional?utm_campaign=google_jobs_apply&utm_source=google_jobs_apply&utm_medium=organic,McLean,https://www.google.com/search?q=jobs&gl=us&hl=en&udm=8#vhid=vt%3D20/docid%3D97arr6NVG_TjQO4iAAAAAA%3D%3D&vssid=jobs-detail-viewer
Full stack developer (Python and React),Jobs via Dice,LinkedIn,Full-time,https://www.linkedin.com/jobs/view/full-stack-developer-python-and-react-at-jobs-via-dice-4238826601?utm_campaign=google_jobs_apply&utm_source=google_jobs_apply&utm_medium=organic,Vienna,https://www.google.com/search?q=jobs&gl=us&hl=en&udm=8#vhid=vt%3D20/docid%3DyOzxP33j-O5oFve6AAAAAA%3D%3D&vssid=jobs-detail-viewer
Senior Software Developer Jobs,TekSynap,Security Clearance Jobs,Full-time,https://www.clearancejobs.com/jobs/7365423/senior-software-developer?utm_campaign=google_jobs_apply&utm_source=google_jobs_apply&utm_medium=organic,Columbia,https://www.google.com/search?q=jobs&gl=us&hl=en&udm=8#vhid=vt%3D20/docid%3DHGBAfGgQYWMzZui9AAAAAA%3D%3D&vssid=jobs-detail-viewer
Junior AI/ML Software Developer,"Paradyme, a CATHEXIS Company",LinkedIn,Full-time,https://www.linkedin.com/jobs/view/junior-ai-ml-software-developer-at-paradyme-a-cathexis-company-4238852177?utm_campaign=google_jobs_apply&utm_source=google_jobs_apply&utm_medium=organic,Tysons,https://www.google.com/search?q=jobs&gl=us&hl=en&udm=8#vhid=vt%3D20/docid%3D3Q2CCWNzK3G1jumHAAAAAA%3D%3D&vssid=jobs-detail-viewer
SR SERVICE NOW DEVELOPER,"Enterprise Solutions, Inc.","Enterprise Solutions, Inc.",Full-time,https://jobs.enterprisesolutioninc.com/SR-SERVICE-NOW-DEVELOPER-Jobs-in-Laurel-MD-MD/12275386?utm_campaign=google_jobs_apply&utm_source=google_jobs_apply&utm_medium=organic,Laurel,https://www.google.com/search?q=jobs&gl=us&hl=en&udm=8#vhid=vt%3D20/docid%3Dr3oe5tvHl4vh0yEAAAAAAA%3D%3D&vssid=jobs-detail-viewer
Developer 1,"KMM Technologies, Inc.",LinkedIn,Contractor,https://www.linkedin.com/jobs/view/developer-1-at-kmm-technologies-inc-4241528496?utm_campaign=google_jobs_apply&utm_source=google_jobs_apply&utm_medium=organic,Herndon,https://www.google.com/search?q=jobs&gl=us&hl=en&udm=8#vhid=vt%3D20/docid%3DookxboB5rM_NAhjWAAAAAA%3D%3D&vssid=jobs-detail-viewer
Senior Cyber Capability Developer (Reverse Engineer),Leidos,Leidos Careers,Full-time,https://careers.leidos.com/jobs/15849953-senior-cyber-capability-developer-reverse-engineer?utm_campaign=google_jobs_apply&utm_source=google_jobs_apply&utm_medium=organic,Lorton,https://www.google.com/search?q=jobs&gl=us&hl=en&udm=8#vhid=vt%3D20/docid%3Dd67_03ehwBTyg5LVAAAAAA%3D%3D&vssid=jobs-detail-viewer
Appian Developer,Lancesoft,ZipRecruiter,Full-time,"https://www.ziprecruiter.com/c/Lancesoft/Job/Appian-Developer/-in-Fort-Belvoir,VA?jid=5bbcb6122558bb02&utm_campaign=google_jobs_apply&utm_source=google_jobs_apply&utm_medium=organic",Fort Belvoir,https://www.google.com/search?q=jobs&gl=us&hl=en&udm=8#vhid=vt%3D20/docid%3DQACW_i43w0aJAfHVAAAAAA%3D%3D&vssid=jobs-detail-viewer
Mid-Level Software Developer,Fusion Technology LLC,LinkedIn,Full-time,https://www.linkedin.com/jobs/view/mid-level-software-developer-at-fusion-technology-llc-4232193912?utm_campaign=google_jobs_apply&utm_source=google_jobs_apply&utm_medium=organic,Arlington,https://www.google.com/search?q=jobs&gl=us&hl=en&udm=8#vhid=vt%3D20/docid%3D2LlGVq0kOuZic0uXAAAAAA%3D%3D&vssid=jobs-detail-viewer
"Full Stack Web Developer at Orpheus, Inc. Reston, VA","Orpheus, Inc.",Smooth Dental & Orthodontics,Full-time,https://smoothdentalsantaana.com/wp-job/job/full-stack-web-developer-at-orpheus-inc-reston-va-bTF2SFBGL2xaUWZjc0FqaEVTbXdGWm9HRWc9PQ==?utm_campaign=google_jobs_apply&utm_source=google_jobs_apply&utm_medium=organic,Reston,https://www.google.com/search?q=jobs&gl=us&hl=en&udm=8#vhid=vt%3D20/docid%3DYHyArEreUi5hUI0gAAAAAA%3D%3D&vssid=jobs-detail-viewer
Sharepoint Developer Jobs,Mission Services LLC (MSI),Security Clearance Jobs,Full-time,https://www.clearancejobs.com/jobs/8275035/sharepoint-developer?utm_campaign=google_jobs_apply&utm_source=google_jobs_apply&utm_medium=organic,Washington,https://www.google.com/search?q=jobs&gl=us&hl=en&udm=8#vhid=vt%3D20/docid%3D5G5ooaCg6al9eOX4AAAAAA%3D%3D&vssid=jobs-detail-viewer
Applications Developer,Kavaliro,Kavaliro,Full-time,https://jobs.kavaliro.com/Applications-Developer-Jobs-in-Chantilly-VA/12240053?utm_campaign=google_jobs_apply&utm_source=google_jobs_apply&utm_medium=organic,Chantilly,https://www.google.com/search?q=jobs&gl=us&hl=en&udm=8#vhid=vt%3D20/docid%3DXuLGkf1ZPf7QrRJsAAAAAA%3D%3D&vssid=jobs-detail-viewer
Senior Cybersecurity Software Development Engineer,Secmation,LinkedIn,Full-time,https://www.linkedin.com/jobs/view/senior-cybersecurity-software-development-engineer-at-secmation-4237266259?utm_campaign=google_jobs_apply&utm_source=google_jobs_apply&utm_medium=organic,,https://www.google.com/search?q=jobs&gl=us&hl=en&udm=8#vhid=vt%3D20/docid%3DLV4rdywYoqIxT_F7AAAAAA%3D%3D&vssid=jobs-detail-viewer
Frontend Web Developer (GUI),Robotic Research LLC,ZipRecruiter,Full-time,"https://www.ziprecruiter.com/c/Robotic-Research-LLC/Job/Frontend-Web-Developer-(GUI)/-in-Clarksburg,MD?jid=be7183d91911f26e&utm_campaign=google_jobs_apply&utm_source=google_jobs_apply&utm_medium=organic",Clarksburg,https://www.google.com/search?q=jobs&gl=us&hl=en&udm=8#vhid=vt%3D20/docid%3DjW9mmfyTor4ohKxEAAAAAA%3D%3D&vssid=jobs-detail-viewer
Developer II,"KMM Technologies, Inc.",LinkedIn,Full-time,https://www.linkedin.com/jobs/view/developer-ii-at-kmm-technologies-inc-4241529210?utm_campaign=google_jobs_apply&utm_source=google_jobs_apply&utm_medium=organic,Reston,https://www.google.com/search?q=jobs&gl=us&hl=en&udm=8#vhid=vt%3D20/docid%3DNrC7hY0GZC8cjjYQAAAAAA%3D%3D&vssid=jobs-detail-viewer
Python Analytic Software Developer,Leidos,Legal Jobs - MSBA Career Center,Full-time,https://msba-jobs.careerwebsite.com/job/python-analytic-software-developer/78410754/?utm_campaign=google_jobs_apply&utm_source=google_jobs_apply&utm_medium=organic,Odenton,https://www.google.com/search?q=jobs&gl=us&hl=en&udm=8#vhid=vt%3D20/docid%3D3v-MUcZf1-N7UFXxAAAAAA%3D%3D&vssid=jobs-detail-viewer
"Federal Consultant, PowerBI Developer Jobs",Lynch Consultants LLC,Security Clearance Jobs,Full-time,https://www.clearancejobs.com/jobs/8370112/federal-consultant-powerbi-developer?utm_campaign=google_jobs_apply&utm_source=google_jobs_apply&utm_medium=organic,Arlington,https://www.google.com/search?q=jobs&gl=us&hl=en&udm=8#vhid=vt%3D20/docid%3D2g0NKwhSK95rBg0-AAAAAA%3D%3D&vssid=jobs-detail-viewer
.Net Developer Jobs,CGI,Security Clearance Jobs,Full-time,https://www.clearancejobs.com/jobs/8265566/net-developer?utm_campaign=google_jobs_apply&utm_source=google_jobs_apply&utm_medium=organic,Arlington,https://www.google.com/search?q=jobs&gl=us&hl=en&udm=8#vhid=vt%3D20/docid%3D1KIwF57NQz3r1LKEAAAAAA%3D%3D&vssid=jobs-detail-viewer
"Scientific Software Developer (DC, NoVA)",Stellar Science,Indeed,Full-time,https://www.indeed.com/viewjob?jk=e8364310d28cf876&utm_campaign=google_jobs_apply&utm_source=google_jobs_apply&utm_medium=organic,Tysons,https://www.google.com/search?q=jobs&gl=us&hl=en&udm=8#vhid=vt%3D20/docid%3DMykPMcZWn2713KD3AAAAAA%3D%3D&vssid=jobs-detail-viewer
Developer Virtual Platforms,Ericsson,LinkedIn,Full-time,https://www.linkedin.com/jobs/view/developer-virtual-platforms-at-ericsson-4223380929?utm_campaign=google_jobs_apply&utm_source=google_jobs_apply&utm_medium=organic,Silver Spring,https://www.google.com/search?q=jobs&gl=us&hl=en&udm=8#vhid=vt%3D20/docid%3D_xQRfEdfVqxcdnDyAAAAAA%3D%3D&vssid=jobs-detail-viewer
Full Stack Developer,Leidos,ZipRecruiter,Full-time,"https://www.ziprecruiter.com/c/Leidos/Job/Full-Stack-Developer/-in-Lorton,VA?jid=c8de3df7c2d39415&utm_campaign=google_jobs_apply&utm_source=google_jobs_apply&utm_medium=organic",Lorton,https://www.google.com/search?q=jobs&gl=us&hl=en&udm=8#vhid=vt%3D20/docid%3DqJ_Gqvh3H0UEjCskAAAAAA%3D%3D&vssid=jobs-detail-viewer
Government and Public Sector - Junior GenAI Developer,EY,EY Careers,Full-time,https://careers.ey.com/ey/job/McLean-Government-and-Public-Sector-Junior-GenAI-Developer-VA-22102/1172647801/?utm_campaign=google_jobs_apply&utm_source=google_jobs_apply&utm_medium=organic,McLean,https://www.google.com/search?q=jobs&gl=us&hl=en&udm=8#vhid=vt%3D20/docid%3DEOPBTWAcbCmsxEqBAAAAAA%3D%3D&vssid=jobs-detail-viewer
Web Developer/Administrator - Mid (#2005),"Compass, Inc.",Indeed,Full-time,https://www.indeed.com/viewjob?jk=f25697397b07c613&utm_campaign=google_jobs_apply&utm_source=google_jobs_apply&utm_medium=organic,Springfield,https://www.google.com/search?q=jobs&gl=us&hl=en&udm=8#vhid=vt%3D20/docid%3DQKpjNBIfh6No-Yb_AAAAAA%3D%3D&vssid=jobs-detail-viewer
Database Developer,Morfologica,ZipRecruiter,Full-time,"https://www.ziprecruiter.com/c/Morfologica/Job/Database-Developer/-in-Reston,VA?jid=a366f447306ef7e4&utm_campaign=google_jobs_apply&utm_source=google_jobs_apply&utm_medium=organic",Reston,https://www.google.com/search?q=jobs&gl=us&hl=en&udm=8#vhid=vt%3D20/docid%3D9iF4MgkfztNITOTPAAAAAA%3D%3D&vssid=jobs-detail-viewer
"Software Developer at SmartLogic Baltimore, MD",SmartLogic,Certified First Switzerland,Full-time,https://www.certifiedfirst.ch/wp-job/job/software-developer-at-smartlogic-baltimore-md-bG5jL2JDZ1pCWnAwMGxKbHpsZ1ZJaFNWdVE9PQ==?utm_campaign=google_jobs_apply&utm_source=google_jobs_apply&utm_medium=organic,Baltimore,https://www.google.com/search?q=jobs&gl=us&hl=en&udm=8#vhid=vt%3D20/docid%3Da-4rwfxQGk6CJHmWAAAAAA%3D%3D&vssid=jobs-detail-viewer
Website Developer,Motion Recruitment,Motion Recruitment,Full-time,https://motionrecruitment.com/tech-jobs/vienna/direct-hire/website-developer/774182?utm_campaign=google_jobs_apply&utm_source=google_jobs_apply&utm_medium=organic,Vienna,https://www.google.com/search?q=jobs&gl=us&hl=en&udm=8#vhid=vt%3D20/docid%3DMDzZ4cZzKC12cP6SAAAAAA%3D%3D&vssid=jobs-detail-viewer
3933 Software Developer Jobs,Procession Systems,Security Clearance Jobs,Full-time,https://www.clearancejobs.com/jobs/8235087/3933-software-developer?utm_campaign=google_jobs_apply&utm_source=google_jobs_apply&utm_medium=organic,Arlington,https://www.google.com/search?q=jobs&gl=us&hl=en&udm=8#vhid=vt%3D20/docid%3D35XRl73d-8iGiimTAAAAAA%3D%3D&vssid=jobs-detail-viewer
Front End Software Engineer,Lensa,LinkedIn,Full-time,https://www.linkedin.com/jobs/view/front-end-software-engineer-at-lensa-4238270043?utm_campaign=google_jobs_apply&utm_source=google_jobs_apply&utm_medium=organic,McLean,https://www.google.com/search?q=jobs&gl=us&hl=en&udm=8#vhid=vt%3D20/docid%3D_OZ556xTAxyMxQ5bAAAAAA%3D%3D&vssid=jobs-detail-viewer
Stone Ridge Technology,Stone Ridge Technology,Stone Ridge Technology,Full-time,https://stoneridgetechnology.com/company/careers/scientific-software-developer/?utm_campaign=google_jobs_apply&utm_source=google_jobs_apply&utm_medium=organic,Bel Air,https://www.google.com/search?q=jobs&gl=us&hl=en&udm=8#vhid=vt%3D20/docid%3Dzhf8GZjCqDeAix6pAAAAAA%3D%3D&vssid=jobs-detail-viewer
Cleared Senior Appian Developer Jobs,HumanIT Solutions LLC,Security Clearance Jobs,Full-time,https://www.clearancejobs.com/jobs/7689855/cleared-senior-appian-developer?utm_campaign=google_jobs_apply&utm_source=google_jobs_apply&utm_medium=organic,Washington,https://www.google.com/search?q=jobs&gl=us&hl=en&udm=8#vhid=vt%3D20/docid%3DyrahmjSMvbxDoOtcAAAAAA%3D%3D&vssid=jobs-detail-viewer
Platform Full-Stack Developer,"Take2 Consulting, LLC",LinkedIn,Full-time,https://www.linkedin.com/jobs/view/platform-full-stack-developer-at-take2-consulting-llc-4240631558?refId=QxKKSrMepaIQcAvxjgkmcQ%3D%3D&trackingId=Hf4COAXaQ9tF6kYYYMEtWQ%3D%3D&position=9&pageNum=0&utm_campaign=google_jobs_apply&utm_source=google_jobs_apply&utm_medium=organic,Reston,https://www.google.com/search?q=jobs&gl=us&hl=en&udm=8#vhid=vt%3D20/docid%3D9OX4J4-VSZQJ_4ivAAAAAA%3D%3D&vssid=jobs-detail-viewer
Web Developer,Freedom Technology Solutions Group,Indeed,Full-time,https://www.indeed.com/viewjob?jk=4b4636758fe9d36f&utm_campaign=google_jobs_apply&utm_source=google_jobs_apply&utm_medium=organic,Laurel,https://www.google.com/search?q=jobs&gl=us&hl=en&udm=8#vhid=vt%3D20/docid%3D4VmrKO5p3GLsAfE0AAAAAA%3D%3D&vssid=jobs-detail-viewer
Senior Product Developer Jobs,BAE Systems,Security Clearance Jobs,Full-time,https://www.clearancejobs.com/jobs/8304285/senior-product-developer?utm_campaign=google_jobs_apply&utm_source=google_jobs_apply&utm_medium=organic,Springfield,https://www.google.com/search?q=jobs&gl=us&hl=en&udm=8#vhid=vt%3D20/docid%3De-_S4-yl9nOtpf8NAAAAAA%3D%3D&vssid=jobs-detail-viewer
Senior Software Developer Jobs,TekSynap,Security Clearance Jobs,Full-time,https://www.clearancejobs.com/jobs/7365423/senior-software-developer?utm_campaign=google_jobs_apply&utm_source=google_jobs_apply&utm_medium=organic,Columbia,https://www.google.com/search?q=jobs&gl=us&hl=en&udm=8#vhid=vt%3D20/docid%3DHGBAfGgQYWMzZui9AAAAAA%3D%3D&vssid=jobs-detail-viewer
Java Developer Level 1,Wortech Corp,Indeed,Full-time,https://www.indeed.com/viewjob?jk=550c6983e2e8222d&utm_campaign=google_jobs_apply&utm_source=google_jobs_apply&utm_medium=organic,Annapolis Junction,https://www.google.com/search?q=jobs&gl=us&hl=en&udm=8#vhid=vt%3D20/docid%3DNQdf9oK71tO120xqAAAAAA%3D%3D&vssid=jobs-detail-viewer
Software Developer Jobs,NT Concepts,Security Clearance Jobs,Full-time,https://www.clearancejobs.com/jobs/8189921/software-developer?utm_campaign=google_jobs_apply&utm_source=google_jobs_apply&utm_medium=organic,Herndon,https://www.google.com/search?q=jobs&gl=us&hl=en&udm=8#vhid=vt%3D20/docid%3D5hErMOAPDzfFSmJ1AAAAAA%3D%3D&vssid=jobs-detail-viewer
Senior Application Developer,"Dev Technology Group, Inc.",LinkedIn,Full-time,https://www.linkedin.com/jobs/view/senior-application-developer-at-dev-technology-group-inc-4240926948?utm_campaign=google_jobs_apply&utm_source=google_jobs_apply&utm_medium=organic,Reston,https://www.google.com/search?q=jobs&gl=us&hl=en&udm=8#vhid=vt%3D20/docid%3D0BSVM-1fL_CQpc_5AAAAAA%3D%3D&vssid=jobs-detail-viewer
Full Stack .net Developer,CANSofttech,Indeed,Full-time,https://www.indeed.com/viewjob?jk=f03cd2f89154ff9a&utm_campaign=google_jobs_apply&utm_source=google_jobs_apply&utm_medium=organic,Herndon,https://www.google.com/search?q=jobs&gl=us&hl=en&udm=8#vhid=vt%3D20/docid%3DYnmUJ8HkY_TURcjDAAAAAA%3D%3D&vssid=jobs-detail-viewer
React Full Stack Developer,Jobs via Dice,LinkedIn,Full-time,https://www.linkedin.com/jobs/view/react-full-stack-developer-at-jobs-via-dice-4233957681?utm_campaign=google_jobs_apply&utm_source=google_jobs_apply&utm_medium=organic,McLean,https://www.google.com/search?q=jobs&gl=us&hl=en&udm=8#vhid=vt%3D20/docid%3DDM-t2iRIcaMPeSPnAAAAAA%3D%3D&vssid=jobs-detail-viewer
SharePoint Developer Jobs,ManTech International,Security Clearance Jobs,Full-time,https://www.clearancejobs.com/jobs/8242390/sharepoint-developer?utm_campaign=google_jobs_apply&utm_source=google_jobs_apply&utm_medium=organic,Springfield,https://www.google.com/search?q=jobs&gl=us&hl=en&udm=8#vhid=vt%3D20/docid%3DsfuLkw2m8FdNAklXAAAAAA%3D%3D&vssid=jobs-detail-viewer
Web Developer II,LifeCycle Corporation,Indeed,Full-time,https://www.indeed.com/viewjob?jk=1ac05ed77c518218&utm_campaign=google_jobs_apply&utm_source=google_jobs_apply&utm_medium=organic,Annapolis Junction,https://www.google.com/search?q=jobs&gl=us&hl=en&udm=8#vhid=vt%3D20/docid%3DPvOrZs2IhTW95WmsAAAAAA%3D%3D&vssid=jobs-detail-viewer
Associate Full-Stack Software Developer Jobs,Boeing,Security Clearance Jobs,Full-time,https://www.clearancejobs.com/jobs/8359345/associate-full-stack-software-developer?utm_campaign=google_jobs_apply&utm_source=google_jobs_apply&utm_medium=organic,Chantilly,https://www.google.com/search?q=jobs&gl=us&hl=en&udm=8#vhid=vt%3D20/docid%3DP4Fev1gTc0W0paaJAAAAAA%3D%3D&vssid=jobs-detail-viewer
Application Developer,The Swift Group,Indeed,Full-time,https://www.indeed.com/viewjob?jk=5cf07723b31837ca&utm_campaign=google_jobs_apply&utm_source=google_jobs_apply&utm_medium=organic,Reston,https://www.google.com/search?q=jobs&gl=us&hl=en&udm=8#vhid=vt%3D20/docid%3DNXSE2x_VMtr3obt0AAAAAA%3D%3D&vssid=jobs-detail-viewer
Oracle EPM Developer,Jobs via Dice,LinkedIn,Full-time,https://www.linkedin.com/jobs/view/oracle-epm-developer-at-jobs-via-dice-4236230118?utm_campaign=google_jobs_apply&utm_source=google_jobs_apply&utm_medium=organic,McLean,https://www.google.com/search?q=jobs&gl=us&hl=en&udm=8#vhid=vt%3D20/docid%3Dw4l-fzzv-scyElnCAAAAAA%3D%3D&vssid=jobs-detail-viewer
ETL DEVELOPER,"Enterprise Solutions, Inc.","Enterprise Solutions, Inc.",Full-time,https://jobs.enterprisesolutioninc.com/ETL-DEVELOPER-Jobs-in-Baltimore-MD/11694803?utm_campaign=google_jobs_apply&utm_source=google_jobs_apply&utm_medium=organic,Baltimore,https://www.google.com/search?q=jobs&gl=us&hl=en&udm=8#vhid=vt%3D20/docid%3DCG6cvoePrFj1gDEgAAAAAA%3D%3D&vssid=jobs-detail-viewer
Java Middleware Developer Level 1,Wortech Corp,Indeed,Full-time,https://www.indeed.com/viewjob?jk=272d4e5ab4e8cb4b&utm_campaign=google_jobs_apply&utm_source=google_jobs_apply&utm_medium=organic,Annapolis Junction,https://www.google.com/search?q=jobs&gl=us&hl=en&udm=8#vhid=vt%3D20/docid%3DctKC0QFegowaW6DwAAAAAA%3D%3D&vssid=jobs-detail-viewer
Software Engineer/Developer,Aces Incorporated,Indeed,Full-time,https://www.indeed.com/viewjob?jk=10a5fdeb572d0459&utm_campaign=google_jobs_apply&utm_source=google_jobs_apply&utm_medium=organic,Annapolis Junction,https://www.google.com/search?q=jobs&gl=us&hl=en&udm=8#vhid=vt%3D20/docid%3DWnW8a7GMc7G33dTrAAAAAA%3D%3D&vssid=jobs-detail-viewer
Lead Java Developer,Unisys,LinkedIn,Contractor,https://www.linkedin.com/jobs/view/lead-java-developer-at-unisys-4241026879?utm_campaign=google_jobs_apply&utm_source=google_jobs_apply&utm_medium=organic,Reston,https://www.google.com/search?q=jobs&gl=us&hl=en&udm=8#vhid=vt%3D20/docid%3DbjviHvNarCDKQrf7AAAAAA%3D%3D&vssid=jobs-detail-viewer
ServiceNow Developer Jobs,Allen Integrated Solutions LLC,Security Clearance Jobs,Full-time,https://www.clearancejobs.com/jobs/8040379/servicenow-developer?utm_campaign=google_jobs_apply&utm_source=google_jobs_apply&utm_medium=organic,Chantilly,https://www.google.com/search?q=jobs&gl=us&hl=en&udm=8#vhid=vt%3D20/docid%3DCSTyNWzDpGRELU6HAAAAAA%3D%3D&vssid=jobs-detail-viewer
Software Engineer / CNO Developer - R25-026,"Verite Group, Inc.",Indeed,Full-time,https://www.indeed.com/viewjob?jk=cb0113008076980e&utm_campaign=google_jobs_apply&utm_source=google_jobs_apply&utm_medium=organic,Dulles,https://www.google.com/search?q=jobs&gl=us&hl=en&udm=8#vhid=vt%3D20/docid%3DK64qN_rCP8Vhe3ETAAAAAA%3D%3D&vssid=jobs-detail-viewer
Offensive Software Developer Jobs,Parsons,Security Clearance Jobs,Full-time,https://www.clearancejobs.com/jobs/8187592/software-developer-cc?utm_campaign=google_jobs_apply&utm_source=google_jobs_apply&utm_medium=organic,Fort Belvoir,https://www.google.com/search?q=jobs&gl=us&hl=en&udm=8#vhid=vt%3D20/docid%3DEHYjre-LorWXxhGDAAAAAA%3D%3D&vssid=jobs-detail-viewer
Entry-Level Java Software Developer – TS/SCI with Poly,CACI,Indeed,Full-time,https://www.indeed.com/viewjob?jk=6665d376ba234e24&utm_campaign=google_jobs_apply&utm_source=google_jobs_apply&utm_medium=organic,Sterling,https://www.google.com/search?q=jobs&gl=us&hl=en&udm=8#vhid=vt%3D20/docid%3D4SPr1FWLN2cg2rQvAAAAAA%3D%3D&vssid=jobs-detail-viewer
Software Assurance/Formal Methods Developer Jobs,Johns Hopkins University Applied Physics Laboratory,Security Clearance Jobs,Full-time,https://www.clearancejobs.com/jobs/8114162/software-assuranceformal-methods-developer?utm_campaign=google_jobs_apply&utm_source=google_jobs_apply&utm_medium=organic,Laurel,https://www.google.com/search?q=jobs&gl=us&hl=en&udm=8#vhid=vt%3D20/docid%3DyTVnB-EhvmzJFfhpAAAAAA%3D%3D&vssid=jobs-detail-viewer
Dev(Sec)Ops Developer/Engineer,Cleared Solutions Inc.,Indeed,Full-time,https://www.indeed.com/viewjob?jk=39ee28d527a8f92b&utm_campaign=google_jobs_apply&utm_source=google_jobs_apply&utm_medium=organic,Reston,https://www.google.com/search?q=jobs&gl=us&hl=en&udm=8#vhid=vt%3D20/docid%3DST-EFWEy07MqrCpHAAAAAA%3D%3D&vssid=jobs-detail-viewer
Senior Software Developer Jobs,Amentum,Security Clearance Jobs,Full-time,https://www.clearancejobs.com/jobs/8208974/senior-software-developer?utm_campaign=google_jobs_apply&utm_source=google_jobs_apply&utm_medium=organic,Fort Belvoir,https://www.google.com/search?q=jobs&gl=us&hl=en&udm=8#vhid=vt%3D20/docid%3DfNWnLeeYu4B8LJBEAAAAAA%3D%3D&vssid=jobs-detail-viewer
Senior Front End Developer,iCallidus,Indeed,Full-time,https://www.indeed.com/viewjob?jk=e83f08f96fef5288&utm_campaign=google_jobs_apply&utm_source=google_jobs_apply&utm_medium=organic,Columbia,https://www.google.com/search?q=jobs&gl=us&hl=en&udm=8#vhid=vt%3D20/docid%3DLgfj3rSzF3v3qsGsAAAAAA%3D%3D&vssid=jobs-detail-viewer
Full Stack Developer Jobs,Booz Allen Hamilton,Security Clearance Jobs,Full-time,https://www.clearancejobs.com/jobs/8040454/full-stack-developer?utm_campaign=google_jobs_apply&utm_source=google_jobs_apply&utm_medium=organic,Reston,https://www.google.com/search?q=jobs&gl=us&hl=en&udm=8#vhid=vt%3D20/docid%3DRJC9wuQqLWozBLtXAAAAAA%3D%3D&vssid=jobs-detail-viewer
Sr. Software Engineer,Neuro Systems,Indeed,Full-time,https://www.indeed.com/viewjob?jk=517ef928e5db70d6&utm_campaign=google_jobs_apply&utm_source=google_jobs_apply&utm_medium=organic,Herndon,https://www.google.com/search?q=jobs&gl=us&hl=en&udm=8#vhid=vt%3D20/docid%3D723gny_ri7IPnZgyAAAAAA%3D%3D&vssid=jobs-detail-viewer
Full Stack Software Developer Jobs,Hoplite Solutions LLC,Security Clearance Jobs,Full-time,https://www.clearancejobs.com/jobs/8152801/full-stack-software-developer?utm_campaign=google_jobs_apply&utm_source=google_jobs_apply&utm_medium=organic,Reston,https://www.google.com/search?q=jobs&gl=us&hl=en&udm=8#vhid=vt%3D20/docid%3DjKaTkqU8saCC4g_tAAAAAA%3D%3D&vssid=jobs-detail-viewer
Jr .Net Developer,Trigint Solutions,Indeed,Contractor,https://www.indeed.com/viewjob?jk=bda29a4aa2f56323&utm_campaign=google_jobs_apply&utm_source=google_jobs_apply&utm_medium=organic,Reston,https://www.google.com/search?q=jobs&gl=us&hl=en&udm=8#vhid=vt%3D20/docid%3DeTlcda_cq7XaHvWJAAAAAA%3D%3D&vssid=jobs-detail-viewer
Oracle EPM Developer,Jobs via Dice,LinkedIn,Full-time,https://www.linkedin.com/jobs/view/oracle-epm-developer-at-jobs-via-dice-4236230118?utm_campaign=google_jobs_apply&utm_source=google_jobs_apply&utm_medium=organic,McLean,https://www.google.com/search?q=jobs&gl=us&hl=en&udm=8#vhid=vt%3D20/docid%3Dw4l-fzzv-scyElnCAAAAAA%3D%3D&vssid=jobs-detail-viewer
ServiceNow Developer Jobs,Allen Integrated Solutions LLC,Security Clearance Jobs,Full-time,https://www.clearancejobs.com/jobs/8040379/servicenow-developer?utm_campaign=google_jobs_apply&utm_source=google_jobs_apply&utm_medium=organic,Chantilly,https://www.google.com/search?q=jobs&gl=us&hl=en&udm=8#vhid=vt%3D20/docid%3DCSTyNWzDpGRELU6HAAAAAA%3D%3D&vssid=jobs-detail-viewer
Web Developer / Web Programmer – Web / Mobile,Alexander & Tom,Indeed,Full-time,https://www.indeed.com/viewjob?jk=5f4b7c808146d439&utm_campaign=google_jobs_apply&utm_source=google_jobs_apply&utm_medium=organic,Baltimore,https://www.google.com/search?q=jobs&gl=us&hl=en&udm=8#vhid=vt%3D20/docid%3DRHhEPgZJm-RsLNmnAAAAAA%3D%3D&vssid=jobs-detail-viewer
Senior Full-Stack Developer,Reveal Global Consulting,LinkedIn,Full-time,https://www.linkedin.com/jobs/view/senior-full-stack-developer-at-reveal-global-consulting-4238822431?utm_campaign=google_jobs_apply&utm_source=google_jobs_apply&utm_medium=organic,Fulton,https://www.google.com/search?q=jobs&gl=us&hl=en&udm=8#vhid=vt%3D20/docid%3Dst0hNF4ICmXYvPyQAAAAAA%3D%3D&vssid=jobs-detail-viewer
Applications Developer,Sogea Technology,Indeed,Full-time,https://www.indeed.com/viewjob?jk=ce6fcb09ccd8c3f0&utm_campaign=google_jobs_apply&utm_source=google_jobs_apply&utm_medium=organic,Sterling,https://www.google.com/search?q=jobs&gl=us&hl=en&udm=8#vhid=vt%3D20/docid%3DgCoD5kCynY4LYMi1AAAAAA%3D%3D&vssid=jobs-detail-viewer
Devops Developer Jobs,Koniag Government Services,Security Clearance Jobs,Full-time,https://www.clearancejobs.com/jobs/8307244/devops-developer?utm_campaign=google_jobs_apply&utm_source=google_jobs_apply&utm_medium=organic,Vienna,https://www.google.com/search?q=jobs&gl=us&hl=en&udm=8#vhid=vt%3D20/docid%3Dh1IWqTkiDzbJNJxGAAAAAA%3D%3D&vssid=jobs-detail-viewer
"Full Stack Software Engineer, Mid",Booz Allen Hamilton,LinkedIn,Full-time,https://www.linkedin.com/jobs/view/full-stack-software-engineer-mid-at-booz-allen-hamilton-4238548433?utm_campaign=google_jobs_apply&utm_source=google_jobs_apply&utm_medium=organic,Annapolis Junction,https://www.google.com/search?q=jobs&gl=us&hl=en&udm=8#vhid=vt%3D20/docid%3DVNkm9mhQtRQHOmo2AAAAAA%3D%3D&vssid=jobs-detail-viewer
Java Middleware Developer Level 1,Wortech Corp,Indeed,Full-time,https://www.indeed.com/viewjob?jk=272d4e5ab4e8cb4b&utm_campaign=google_jobs_apply&utm_source=google_jobs_apply&utm_medium=organic,Annapolis Junction,https://www.google.com/search?q=jobs&gl=us&hl=en&udm=8#vhid=vt%3D20/docid%3DctKC0QFegowaW6DwAAAAAA%3D%3D&vssid=jobs-detail-viewer
Python Developer Jobs,NASK,Security Clearance Jobs,Full-time,https://www.clearancejobs.com/jobs/8301909/python-developer?utm_campaign=google_jobs_apply&utm_source=google_jobs_apply&utm_medium=organic,Fairfax,https://www.google.com/search?q=jobs&gl=us&hl=en&udm=8#vhid=vt%3D20/docid%3DFqT4wbVjLFGvMnntAAAAAA%3D%3D&vssid=jobs-detail-viewer
Software Developer / Engineer Jobs,"Verite Group, Inc.",Security Clearance Jobs,Full-time,https://www.clearancejobs.com/jobs/8210713/software-developer-engineer?utm_campaign=google_jobs_apply&utm_source=google_jobs_apply&utm_medium=organic,Dulles,https://www.google.com/search?q=jobs&gl=us&hl=en&udm=8#vhid=vt%3D20/docid%3DPXggdvfKqZpJjdEYAAAAAA%3D%3D&vssid=jobs-detail-viewer
Software Developer,Mentorus,Indeed,Full-time,https://www.indeed.com/viewjob?jk=86335b1329752051&utm_campaign=google_jobs_apply&utm_source=google_jobs_apply&utm_medium=organic,Pasadena,https://www.google.com/search?q=jobs&gl=us&hl=en&udm=8#vhid=vt%3D20/docid%3DvbrftqFXsiMcTsLmAAAAAA%3D%3D&vssid=jobs-detail-viewer
Software Developer Jobs,Two Six Technologies,Security Clearance Jobs,Full-time,https://www.clearancejobs.com/jobs/8237624/software-developer?utm_campaign=google_jobs_apply&utm_source=google_jobs_apply&utm_medium=organic,Chantilly,https://www.google.com/search?q=jobs&gl=us&hl=en&udm=8#vhid=vt%3D20/docid%3D8V52HlzNJKxKJsuRAAAAAA%3D%3D&vssid=jobs-detail-viewer
.NET Developer,Indus Group,Indeed,Full-time,https://www.indeed.com/viewjob?jk=3ae053fe37c5baff&utm_campaign=google_jobs_apply&utm_source=google_jobs_apply&utm_medium=organic,Herndon,https://www.google.com/search?q=jobs&gl=us&hl=en&udm=8#vhid=vt%3D20/docid%3D2CSj0yd4QyTHBjyBAAAAAA%3D%3D&vssid=jobs-detail-viewer
Lead Sailpoint/ Java Developer Jobs,Argo Recruiting,Security Clearance Jobs,Full-time,https://www.clearancejobs.com/jobs/8346347/lead-sailpoint-java-developer?utm_campaign=google_jobs_apply&utm_source=google_jobs_apply&utm_medium=organic,Reston,https://www.google.com/search?q=jobs&gl=us&hl=en&udm=8#vhid=vt%3D20/docid%3Dnkv6JPTJXySQ-80DAAAAAA%3D%3D&vssid=jobs-detail-viewer
Middleware Developer,"Prime Solutions, LLC",Indeed,Full-time,https://www.indeed.com/viewjob?jk=fa2b9624fd22a745&utm_campaign=google_jobs_apply&utm_source=google_jobs_apply&utm_medium=organic,Chantilly,https://www.google.com/search?q=jobs&gl=us&hl=en&udm=8#vhid=vt%3D20/docid%3DEotTFM7E9Qb9Bq5-AAAAAA%3D%3D&vssid=jobs-detail-viewer
Software Developer Jobs,"WOOD Consulting Services, Inc",Security Clearance Jobs,Full-time,https://www.clearancejobs.com/jobs/8140266/software-developer?utm_campaign=google_jobs_apply&utm_source=google_jobs_apply&utm_medium=organic,Fort Meade,https://www.google.com/search?q=jobs&gl=us&hl=en&udm=8#vhid=vt%3D20/docid%3DIV7NRjaRC1VBMJEiAAAAAA%3D%3D&vssid=jobs-detail-viewer
"Software Engineer, L3","DigiFlight, Inc.",LinkedIn,Full-time,https://www.linkedin.com/jobs/view/software-engineer-l3-at-digiflight-inc-3287557977?utm_campaign=google_jobs_apply&utm_source=google_jobs_apply&utm_medium=organic,Annapolis Junction,https://www.google.com/search?q=jobs&gl=us&hl=en&udm=8#vhid=vt%3D20/docid%3DYQH66wquRxCvtbBtAAAAAA%3D%3D&vssid=jobs-detail-viewer
Web Developer / Web Programmer – Web / Mobile,Alexander & Tom,Indeed,Full-time,https://www.indeed.com/viewjob?jk=5f4b7c808146d439&utm_campaign=google_jobs_apply&utm_source=google_jobs_apply&utm_medium=organic,Baltimore,https://www.google.com/search?q=jobs&gl=us&hl=en&udm=8#vhid=vt%3D20/docid%3DRHhEPgZJm-RsLNmnAAAAAA%3D%3D&vssid=jobs-detail-viewer
Appian Developer,i4DM,LinkedIn,Full-time,https://www.linkedin.com/jobs/view/appian-developer-at-i4dm-4008153331?utm_campaign=google_jobs_apply&utm_source=google_jobs_apply&utm_medium=organic,,https://www.google.com/search?q=jobs&gl=us&hl=en&udm=8#vhid=vt%3D20/docid%3DkH5VDej4JpDc7hsMAAAAAA%3D%3D&vssid=jobs-detail-viewer
Software Developer 3,Oracle,LinkedIn,Full-time,https://www.linkedin.com/jobs/view/software-developer-3-at-oracle-4226004558?utm_campaign=google_jobs_apply&utm_source=google_jobs_apply&utm_medium=organic,Reston,https://www.google.com/search?q=jobs&gl=us&hl=en&udm=8#vhid=vt%3D20/docid%3DkyYGd9Dfl8T0PVvxAAAAAA%3D%3D&vssid=jobs-detail-viewer
Sr. Java Developer,"Contact Government Services, LLC",Indeed,Full-time,https://www.indeed.com/viewjob?jk=9cf384e1a65b1eb3&utm_campaign=google_jobs_apply&utm_source=google_jobs_apply&utm_medium=organic,Baltimore,https://www.google.com/search?q=jobs&gl=us&hl=en&udm=8#vhid=vt%3D20/docid%3DhQjYRAHQpsdGYRMSAAAAAA%3D%3D&vssid=jobs-detail-viewer
ServiceNow Developer Jobs,ICF,Security Clearance Jobs,Full-time,https://www.clearancejobs.com/jobs/8343690/servicenow-developer?utm_campaign=google_jobs_apply&utm_source=google_jobs_apply&utm_medium=organic,Reston,https://www.google.com/search?q=jobs&gl=us&hl=en&udm=8#vhid=vt%3D20/docid%3D7TAJf7x_4hbj6S7_AAAAAA%3D%3D&vssid=jobs-detail-viewer
Front-End UI/UX Developer Jobs,BCore,Security Clearance Jobs,Full-time,https://www.clearancejobs.com/jobs/8291896/front-end-uiux-developer?utm_campaign=google_jobs_apply&utm_source=google_jobs_apply&utm_medium=organic,Chantilly,https://www.google.com/search?q=jobs&gl=us&hl=en&udm=8#vhid=vt%3D20/docid%3DOkZ6tHKVowW2i77YAAAAAA%3D%3D&vssid=jobs-detail-viewer
Software Engineer II,SEACORP,LinkedIn,Full-time,https://www.linkedin.com/jobs/view/software-engineer-ii-at-seacorp-4238010460?utm_campaign=google_jobs_apply&utm_source=google_jobs_apply&utm_medium=organic,Manassas,https://www.google.com/search?q=jobs&gl=us&hl=en&udm=8#vhid=vt%3D20/docid%3Dimi5ac6-I02ECozpAAAAAA%3D%3D&vssid=jobs-detail-viewer
Software Engineer Intern,Red Rock Business Advisors,Indeed,Internship,https://www.indeed.com/viewjob?jk=a34df7a900d5ad51&utm_campaign=google_jobs_apply&utm_source=google_jobs_apply&utm_medium=organic,Leesburg,https://www.google.com/search?q=jobs&gl=us&hl=en&udm=8#vhid=vt%3D20/docid%3D7gfbU-FPodxMcGizAAAAAA%3D%3D&vssid=jobs-detail-viewer
Senior Python Developer Jobs,"Tech Force Alpha, LLC",Security Clearance Jobs,Full-time,https://www.clearancejobs.com/jobs/7835450/senior-python-developer?utm_campaign=google_jobs_apply&utm_source=google_jobs_apply&utm_medium=organic,Annapolis Junction,https://www.google.com/search?q=jobs&gl=us&hl=en&udm=8#vhid=vt%3D20/docid%3DGCrEPsBGjMigN2xbAAAAAA%3D%3D&vssid=jobs-detail-viewer
Mid-Level Salesforce Developer,"Steampunk, Inc.",LinkedIn,Full-time,https://www.linkedin.com/jobs/view/mid-level-salesforce-developer-at-steampunk-inc-4091475360?utm_campaign=google_jobs_apply&utm_source=google_jobs_apply&utm_medium=organic,McLean,https://www.google.com/search?q=jobs&gl=us&hl=en&udm=8#vhid=vt%3D20/docid%3DBf9zFAtaIFsWkXmDAAAAAA%3D%3D&vssid=jobs-detail-viewer
4122 Senior UI Developer Jobs,Procession Systems,Security Clearance Jobs,Full-time,https://www.clearancejobs.com/jobs/8341660/4122-senior-ui-developer?utm_campaign=google_jobs_apply&utm_source=google_jobs_apply&utm_medium=organic,Tysons,https://www.google.com/search?q=jobs&gl=us&hl=en&udm=8#vhid=vt%3D20/docid%3DhCUXm3nG_RCG0U8HAAAAAA%3D%3D&vssid=jobs-detail-viewer
Net Application Development Lead,"Futrend Technology, Inc.",LinkedIn,Full-time,https://www.linkedin.com/jobs/view/net-application-development-lead-at-futrend-technology-inc-4239109350?utm_campaign=google_jobs_apply&utm_source=google_jobs_apply&utm_medium=organic,Rockville,https://www.google.com/search?q=jobs&gl=us&hl=en&udm=8#vhid=vt%3D20/docid%3DPSoH8DpkVJdIbbQEAAAAAA%3D%3D&vssid=jobs-detail-viewer
Network & Cloud Developer Jobs,"Gromelski & Associates, Inc.",Security Clearance Jobs,Full-time,https://www.clearancejobs.com/jobs/8080702/network-cloud-developer?utm_campaign=google_jobs_apply&utm_source=google_jobs_apply&utm_medium=organic,Manassas,https://www.google.com/search?q=jobs&gl=us&hl=en&udm=8#vhid=vt%3D20/docid%3D_qHhA1S56aOT-M2HAAAAAA%3D%3D&vssid=jobs-detail-viewer
Cyber Capability Developer (Junior),AMERICAN SYSTEMS,LinkedIn,Full-time,https://www.linkedin.com/jobs/view/cyber-capability-developer-junior-at-american-systems-4187052273?utm_campaign=google_jobs_apply&utm_source=google_jobs_apply&utm_medium=organic,Springfield,https://www.google.com/search?q=jobs&gl=us&hl=en&udm=8#vhid=vt%3D20/docid%3DZSbiVoDeh8bECiipAAAAAA%3D%3D&vssid=jobs-detail-viewer
Junior DevOps Software Engineer,"Global Enterprise Services, LLC (GES)",LinkedIn,Full-time,https://www.linkedin.com/jobs/view/junior-devops-software-engineer-at-global-enterprise-services-llc-ges-4093801985?utm_campaign=google_jobs_apply&utm_source=google_jobs_apply&utm_medium=organic,Fort Meade,https://www.google.com/search?q=jobs&gl=us&hl=en&udm=8#vhid=vt%3D20/docid%3DTgWOcCRa3PPNx2SkAAAAAA%3D%3D&vssid=jobs-detail-viewer
Authentication Software Engineer Java Developer,"Nissint Technologies, LLC",Indeed,Full-time,https://www.indeed.com/viewjob?jk=90eb0a9bc180ff33&utm_campaign=google_jobs_apply&utm_source=google_jobs_apply&utm_medium=organic,Hanover,https://www.google.com/search?q=jobs&gl=us&hl=en&udm=8#vhid=vt%3D20/docid%3DvWJ1BXb7a2vJfX4oAAAAAA%3D%3D&vssid=jobs-detail-viewer
ServiceNow ITAM Developer,Kforce Inc,LinkedIn,Contractor,https://www.linkedin.com/jobs/view/servicenow-itam-developer-at-kforce-inc-4240502479?utm_campaign=google_jobs_apply&utm_source=google_jobs_apply&utm_medium=organic,Herndon,https://www.google.com/search?q=jobs&gl=us&hl=en&udm=8#vhid=vt%3D20/docid%3DFeMq4nk3PmrzcqftAAAAAA%3D%3D&vssid=jobs-detail-viewer
Senior Software Analytic Developer Jobs,Aperio Global,Security Clearance Jobs,Full-time,https://www.clearancejobs.com/jobs/8369013/senior-software-analytic-developer?utm_campaign=google_jobs_apply&utm_source=google_jobs_apply&utm_medium=organic,Annapolis Junction,https://www.google.com/search?q=jobs&gl=us&hl=en&udm=8#vhid=vt%3D20/docid%3DJrzZGlcEyu7KSgOiAAAAAA%3D%3D&vssid=jobs-detail-viewer
ServiceNow Developer/Maintainer - CLEARED,"The Squires Group, Inc.",LinkedIn,Full-time,https://www.linkedin.com/jobs/view/servicenow-developer-maintainer-cleared-at-the-squires-group-inc-4226435597?utm_campaign=google_jobs_apply&utm_source=google_jobs_apply&utm_medium=organic,Springfield,https://www.google.com/search?q=jobs&gl=us&hl=en&udm=8#vhid=vt%3D20/docid%3DoJktp3RZ4IeoByIuAAAAAA%3D%3D&vssid=jobs-detail-viewer
SharePoint Developer Jobs,Booz Allen Hamilton,Security Clearance Jobs,Full-time,https://www.clearancejobs.com/jobs/8328081/sharepoint-developer?utm_campaign=google_jobs_apply&utm_source=google_jobs_apply&utm_medium=organic,Fort Meade,https://www.google.com/search?q=jobs&gl=us&hl=en&udm=8#vhid=vt%3D20/docid%3DjuXHo_AhpcJJw4GyAAAAAA%3D%3D&vssid=jobs-detail-viewer
Python Application Developer | TS/SCI,Connect Talent Solutions,Indeed,Contractor,https://www.indeed.com/viewjob?jk=9ca665c42cb4fd78&utm_campaign=google_jobs_apply&utm_source=google_jobs_apply&utm_medium=organic,Ashburn,https://www.google.com/search?q=jobs&gl=us&hl=en&udm=8#vhid=vt%3D20/docid%3DYt-LIo2IwpQUYMQjAAAAAA%3D%3D&vssid=jobs-detail-viewer
ANS- Database Developer Jobs,Athenix Solutions Group,Security Clearance Jobs,Full-time,https://www.clearancejobs.com/jobs/7913523/athenix-database-developer?utm_campaign=google_jobs_apply&utm_source=google_jobs_apply&utm_medium=organic,Chantilly,https://www.google.com/search?q=jobs&gl=us&hl=en&udm=8#vhid=vt%3D20/docid%3DN4qZUoJm8h4DE9buAAAAAA%3D%3D&vssid=jobs-detail-viewer
Front End Developer,Lensa,LinkedIn,Full-time,https://www.linkedin.com/jobs/view/front-end-developer-at-lensa-4237714376?utm_campaign=google_jobs_apply&utm_source=google_jobs_apply&utm_medium=organic,Annapolis,https://www.google.com/search?q=jobs&gl=us&hl=en&udm=8#vhid=vt%3D20/docid%3DlJCCovmrpv2sC6G3AAAAAA%3D%3D&vssid=jobs-detail-viewer
Senior UI/Web Developer Jobs,"Tech Force Alpha, LLC",Security Clearance Jobs,Full-time,https://www.clearancejobs.com/jobs/7859968/senior-uiweb-developer?utm_campaign=google_jobs_apply&utm_source=google_jobs_apply&utm_medium=organic,Annapolis Junction,https://www.google.com/search?q=jobs&gl=us&hl=en&udm=8#vhid=vt%3D20/docid%3D423hgDhH6DxI2P7_AAAAAA%3D%3D&vssid=jobs-detail-viewer
Application Developer Jobs,Cornerstone Defense,Security Clearance Jobs,Full-time,https://www.clearancejobs.com/jobs/8326984/application-developer?utm_campaign=google_jobs_apply&utm_source=google_jobs_apply&utm_medium=organic,Annapolis Junction,https://www.google.com/search?q=jobs&gl=us&hl=en&udm=8#vhid=vt%3D20/docid%3DeZ9YhKreZX_vLddfAAAAAA%3D%3D&vssid=jobs-detail-viewer
Software Development Engineer,"Constellation Software Engineering, LLC (CSEngineering)",LinkedIn,Full-time,https://www.linkedin.com/jobs/view/software-development-engineer-at-constellation-software-engineering-llc-csengineering-4237185286?utm_campaign=google_jobs_apply&utm_source=google_jobs_apply&utm_medium=organic,Annapolis,https://www.google.com/search?q=jobs&gl=us&hl=en&udm=8#vhid=vt%3D20/docid%3DOHyukA-xLXe9pQwLAAAAAA%3D%3D&vssid=jobs-detail-viewer
Sr. Software Developer Jobs,SCD Information Technology,Security Clearance Jobs,Full-time,https://www.clearancejobs.com/jobs/7925898/sr-software-developer?utm_campaign=google_jobs_apply&utm_source=google_jobs_apply&utm_medium=organic,Annapolis Junction,https://www.google.com/search?q=jobs&gl=us&hl=en&udm=8#vhid=vt%3D20/docid%3D0tsmFLNyNmu9-KkYAAAAAA%3D%3D&vssid=jobs-detail-viewer
RSA Archer Developer,ASSYST,LinkedIn,Full-time,https://www.linkedin.com/jobs/view/rsa-archer-developer-at-assyst-4227066641?utm_campaign=google_jobs_apply&utm_source=google_jobs_apply&utm_medium=organic,Sterling,https://www.google.com/search?q=jobs&gl=us&hl=en&udm=8#vhid=vt%3D20/docid%3DHTJ8Kif-5BCzcJVkAAAAAA%3D%3D&vssid=jobs-detail-viewer
Software Developer Jobs,Imagine One Technology & Management Ltd,Security Clearance Jobs,Full-time,https://www.clearancejobs.com/jobs/8183737/software-developer?utm_campaign=google_jobs_apply&utm_source=google_jobs_apply&utm_medium=organic,Lexington Park,https://www.google.com/search?q=jobs&gl=us&hl=en&udm=8#vhid=vt%3D20/docid%3Dqk_mfDt_hSDNdszmAAAAAA%3D%3D&vssid=jobs-detail-viewer
Senior DevOps Developer Jobs,"Tech Force Alpha, LLC",Security Clearance Jobs,Full-time,https://www.clearancejobs.com/jobs/7859969/senior-devops-developer?utm_campaign=google_jobs_apply&utm_source=google_jobs_apply&utm_medium=organic,Annapolis Junction,https://www.google.com/search?q=jobs&gl=us&hl=en&udm=8#vhid=vt%3D20/docid%3DK2GGsbFRGYxb03m9AAAAAA%3D%3D&vssid=jobs-detail-viewer
Developer Virtual Platforms,Ericsson,LinkedIn,Full-time,https://www.linkedin.com/jobs/view/developer-virtual-platforms-at-ericsson-4223380906?utm_campaign=google_jobs_apply&utm_source=google_jobs_apply&utm_medium=organic,Elkridge,https://www.google.com/search?q=jobs&gl=us&hl=en&udm=8#vhid=vt%3D20/docid%3DJdKKEIB6mb5RKrW7AAAAAA%3D%3D&vssid=jobs-detail-viewer
Lead Full Stack Software Engineer,Capital One,LinkedIn,Internship,https://www.linkedin.com/jobs/view/lead-full-stack-software-engineer-at-capital-one-4235471809?utm_campaign=google_jobs_apply&utm_source=google_jobs_apply&utm_medium=organic,Baltimore,https://www.google.com/search?q=jobs&gl=us&hl=en&udm=8#vhid=vt%3D20/docid%3D8zcBS9Sh4jzplSc7AAAAAA%3D%3D&vssid=jobs-detail-viewer
Software Developer Jobs,ManTech International,Security Clearance Jobs,Full-time,https://www.clearancejobs.com/jobs/8234453/software-developer?utm_campaign=google_jobs_apply&utm_source=google_jobs_apply&utm_medium=organic,Hanover,https://www.google.com/search?q=jobs&gl=us&hl=en&udm=8#vhid=vt%3D20/docid%3DAZOuMIdN4MuIMWLMAAAAAA%3D%3D&vssid=jobs-detail-viewer
Data Driven Software Developer Jobs,Leidos,Security Clearance Jobs,Full-time,https://www.clearancejobs.com/jobs/8354755/data-driven-software-developer?utm_campaign=google_jobs_apply&utm_source=google_jobs_apply&utm_medium=organic,Fort Meade,https://www.google.com/search?q=jobs&gl=us&hl=en&udm=8#vhid=vt%3D20/docid%3DoWkeNN_HKnkAv181AAAAAA%3D%3D&vssid=jobs-detail-viewer
"Full Stack Developer - Strong Exp in C#, Multithreading, MVC & Agile (Onsite & Hybrid) Urgent Neeed",MillenniumSoft Inc,LinkedIn,Full-time,https://www.linkedin.com/jobs/view/full-stack-developer-strong-exp-in-c%23-multithreading-mvc-agile-onsite-hybrid-urgent-neeed-at-millenniumsoft-inc-3992714945?utm_campaign=google_jobs_apply&utm_source=google_jobs_apply&utm_medium=organic,Baltimore,https://www.google.com/search?q=jobs&gl=us&hl=en&udm=8#vhid=vt%3D20/docid%3DmInbrlItedWR-eqyAAAAAA%3D%3D&vssid=jobs-detail-viewer
C++ Software Developer Jobs,Survice Engineering Company,Security Clearance Jobs,Full-time,https://www.clearancejobs.com/jobs/7787322/c-software-developer?utm_campaign=google_jobs_apply&utm_source=google_jobs_apply&utm_medium=organic,Lexington Park,https://www.google.com/search?q=jobs&gl=us&hl=en&udm=8#vhid=vt%3D20/docid%3DCk2-T2DLJyU23Xh0AAAAAA%3D%3D&vssid=jobs-detail-viewer
Software Engineer - Apprentice,"Independent Software, Inc.",LinkedIn,Full-time,https://www.linkedin.com/jobs/view/software-engineer-apprentice-at-independent-software-inc-4145774415?utm_campaign=google_jobs_apply&utm_source=google_jobs_apply&utm_medium=organic,Ellicott City,https://www.google.com/search?q=jobs&gl=us&hl=en&udm=8#vhid=vt%3D20/docid%3DA5HIjaZd2xXnsggNAAAAAA%3D%3D&vssid=jobs-detail-viewer
.NET Developer Jobs,TEKsystems c/o Allegis Group,Security Clearance Jobs,Full-time,https://www.clearancejobs.com/jobs/8346515/net-developer?utm_campaign=google_jobs_apply&utm_source=google_jobs_apply&utm_medium=organic,Stafford,https://www.google.com/search?q=jobs&gl=us&hl=en&udm=8#vhid=vt%3D20/docid%3D4w0z6G8KXTIDz80TAAAAAA%3D%3D&vssid=jobs-detail-viewer
"ServiceNow Developer, Applications - Junior","The Squires Group, Inc.",LinkedIn,Full-time,https://www.linkedin.com/jobs/view/servicenow-developer-applications-junior-at-the-squires-group-inc-4207367023?utm_campaign=google_jobs_apply&utm_source=google_jobs_apply&utm_medium=organic,Sterling,https://www.google.com/search?q=jobs&gl=us&hl=en&udm=8#vhid=vt%3D20/docid%3D6sz9qWH0xMGHuZ3WAAAAAA%3D%3D&vssid=jobs-detail-viewer
Sr Cloud Developer Jobs,Apex Systems,Security Clearance Jobs,Full-time,https://www.clearancejobs.com/jobs/8311602/sr-cloud-developer?utm_campaign=google_jobs_apply&utm_source=google_jobs_apply&utm_medium=organic,,https://www.google.com/search?q=jobs&gl=us&hl=en&udm=8#vhid=vt%3D20/docid%3DnBQP3aJPLntgY1jxAAAAAA%3D%3D&vssid=jobs-detail-viewer
Software Engineer - TAK,hatch I.T.,LinkedIn,Full-time,https://www.linkedin.com/jobs/view/software-engineer-tak-at-hatch-i-t-4223734646?utm_campaign=google_jobs_apply&utm_source=google_jobs_apply&utm_medium=organic,Warrenton,https://www.google.com/search?q=jobs&gl=us&hl=en&udm=8#vhid=vt%3D20/docid%3DuXiCaEzO1RXGuiRrAAAAAA%3D%3D&vssid=jobs-detail-viewer
"Lead Software Engineer, Full Stack ( Cloud Operations Resilience Engineering)",Capital One,LinkedIn,Internship,https://www.linkedin.com/jobs/view/lead-software-engineer-full-stack-cloud-operations-resilience-engineering-at-capital-one-4235470731?utm_campaign=google_jobs_apply&utm_source=google_jobs_apply&utm_medium=organic,Baltimore,https://www.google.com/search?q=jobs&gl=us&hl=en&udm=8#vhid=vt%3D20/docid%3DNCQFzN134K5C3pP9AAAAAA%3D%3D&vssid=jobs-detail-viewer
Specialized CNO Developer,"REDLattice, Inc.",LinkedIn,Full-time,https://www.linkedin.com/jobs/view/specialized-cno-developer%C2%A0-at-redlattice-inc-4221294936?utm_campaign=google_jobs_apply&utm_source=google_jobs_apply&utm_medium=organic,Annapolis,https://www.google.com/search?q=jobs&gl=us&hl=en&udm=8#vhid=vt%3D20/docid%3DInNiwCRHS8aD81LrAAAAAA%3D%3D&vssid=jobs-detail-viewer
Senior ServiceNow Developer Jobs,The Judge Group,Security Clearance Jobs,Full-time,https://www.clearancejobs.com/jobs/8364424/senior-servicenow-developer?utm_campaign=google_jobs_apply&utm_source=google_jobs_apply&utm_medium=organic,Warrenton,https://www.google.com/search?q=jobs&gl=us&hl=en&udm=8#vhid=vt%3D20/docid%3DtZydsBu6UuFfBRDAAAAAAA%3D%3D&vssid=jobs-detail-viewer
Software Engineering Development Lead,MAG Aerospace,LinkedIn,Part-time,https://www.linkedin.com/jobs/view/software-engineering-development-lead-at-mag-aerospace-4139262685?utm_campaign=google_jobs_apply&utm_source=google_jobs_apply&utm_medium=organic,,https://www.google.com/search?q=jobs&gl=us&hl=en&udm=8#vhid=vt%3D20/docid%3DKlcJ8cUtBKqNFLiFAAAAAA%3D%3D&vssid=jobs-detail-viewer
"Lead Software Engineer, Full Stack, Bank Tech",Capital One,LinkedIn,Internship,https://www.linkedin.com/jobs/view/lead-software-engineer-full-stack-bank-tech-at-capital-one-4235475324?utm_campaign=google_jobs_apply&utm_source=google_jobs_apply&utm_medium=organic,Fredericksburg,https://www.google.com/search?q=jobs&gl=us&hl=en&udm=8#vhid=vt%3D20/docid%3DczQyj7EZDDcLTMD9AAAAAA%3D%3D&vssid=jobs-detail-viewer
ServiceNow Developer Jobs,Leidos,Security Clearance Jobs,Full-time,https://www.clearancejobs.com/jobs/8357830/servicenow-developer?utm_campaign=google_jobs_apply&utm_source=google_jobs_apply&utm_medium=organic,Baltimore,https://www.google.com/search?q=jobs&gl=us&hl=en&udm=8#vhid=vt%3D20/docid%3DZADU0jiCcYEVKZ88AAAAAA%3D%3D&vssid=jobs-detail-viewer
"Senior Software Engineer, Full Stack(Enterprise Platforms Technology)",Capital One,LinkedIn,Internship,https://www.linkedin.com/jobs/view/senior-software-engineer-full-stack-enterprise-platforms-technology-at-capital-one-4235478038?utm_campaign=google_jobs_apply&utm_source=google_jobs_apply&utm_medium=organic,Fredericksburg,https://www.google.com/search?q=jobs&gl=us&hl=en&udm=8#vhid=vt%3D20/docid%3DEtkXPfbI64c8mcVSAAAAAA%3D%3D&vssid=jobs-detail-viewer
Instructional System Developer Jobs,CACI,Security Clearance Jobs,Full-time,https://www.clearancejobs.com/jobs/8318167/instructional-system-developer?utm_campaign=google_jobs_apply&utm_source=google_jobs_apply&utm_medium=organic,Frederick,https://www.google.com/search?q=jobs&gl=us&hl=en&udm=8#vhid=vt%3D20/docid%3D0T-LQhczf6MLVFKBAAAAAA%3D%3D&vssid=jobs-detail-viewer
"Data Engineer, Mid",Booz Allen Hamilton,LinkedIn,Full-time,https://www.linkedin.com/jobs/view/data-engineer-mid-at-booz-allen-hamilton-4227183037?utm_campaign=google_jobs_apply&utm_source=google_jobs_apply&utm_medium=organic,Chantilly,https://www.google.com/search?q=jobs&gl=us&hl=en&udm=8#vhid=vt%3D20/docid%3DH8aaVQaGlwrbXJ3UAAAAAA%3D%3D&vssid=jobs-detail-viewer
Junior UI/Web Developer Jobs,"Tech Force Alpha, LLC",Security Clearance Jobs,Full-time,https://www.clearancejobs.com/jobs/7859973?utm_campaign=google_jobs_apply&utm_source=google_jobs_apply&utm_medium=organic,Annapolis Junction,https://www.google.com/search?q=jobs&gl=us&hl=en&udm=8#vhid=vt%3D20/docid%3DtDbkDz6G1-qZ5j4PAAAAAA%3D%3D&vssid=jobs-detail-viewer
"Sr. Software Engineer, Back End",Capital One,LinkedIn,Internship,https://www.linkedin.com/jobs/view/sr-software-engineer-back-end-at-capital-one-4235471636?utm_campaign=google_jobs_apply&utm_source=google_jobs_apply&utm_medium=organic,Fredericksburg,https://www.google.com/search?q=jobs&gl=us&hl=en&udm=8#vhid=vt%3D20/docid%3Dg35S92rjAEdTZ6-cAAAAAA%3D%3D&vssid=jobs-detail-viewer
"Lead Software Engineer, Full Stack ( Cloud Operations Resilience Engineering)",Capital One,LinkedIn,Internship,https://www.linkedin.com/jobs/view/lead-software-engineer-full-stack-cloud-operations-resilience-engineering-at-capital-one-4235467867?utm_campaign=google_jobs_apply&utm_source=google_jobs_apply&utm_medium=organic,Fredericksburg,https://www.google.com/search?q=jobs&gl=us&hl=en&udm=8#vhid=vt%3D20/docid%3Da1R46LuiTVLgCXtxAAAAAA%3D%3D&vssid=jobs-detail-viewer
Software Engineer/ Developer,MillenniumSoft Inc,LinkedIn,Full-time,https://www.linkedin.com/jobs/view/software-engineer-developer-at-millenniumsoft-inc-3992722298?utm_campaign=google_jobs_apply&utm_source=google_jobs_apply&utm_medium=organic,Sparks,https://www.google.com/search?q=jobs&gl=us&hl=en&udm=8#vhid=vt%3D20/docid%3DD2KttlbPJa9qCo_nAAAAAA%3D%3D&vssid=jobs-detail-viewer
Front-End UI/UX Developer Jobs,BCore,Security Clearance Jobs,Full-time,https://www.clearancejobs.com/jobs/8291896/front-end-uiux-developer?utm_campaign=google_jobs_apply&utm_source=google_jobs_apply&utm_medium=organic,Chantilly,https://www.google.com/search?q=jobs&gl=us&hl=en&udm=8#vhid=vt%3D20/docid%3DOkZ6tHKVowW2i77YAAAAAA%3D%3D&vssid=jobs-detail-viewer
"Senior Software Engineer, iOS, Bank Tech",Capital One,LinkedIn,Internship,https://www.linkedin.com/jobs/view/senior-software-engineer-ios-bank-tech-at-capital-one-4235474139?utm_campaign=google_jobs_apply&utm_source=google_jobs_apply&utm_medium=organic,Fredericksburg,https://www.google.com/search?q=jobs&gl=us&hl=en&udm=8#vhid=vt%3D20/docid%3DnGv9A_S94zNPVgx-AAAAAA%3D%3D&vssid=jobs-detail-viewer
"Senior Lead Software Engineer, Back End",Capital One,LinkedIn,Internship,https://www.linkedin.com/jobs/view/senior-lead-software-engineer-back-end-at-capital-one-4235477964?utm_campaign=google_jobs_apply&utm_source=google_jobs_apply&utm_medium=organic,Fredericksburg,https://www.google.com/search?q=jobs&gl=us&hl=en&udm=8#vhid=vt%3D20/docid%3Dps2deCIXgMgnZ5ARAAAAAA%3D%3D&vssid=jobs-detail-viewer
"Lead Software Engineer - Back End, (Cloud Operations Resilience Engineering)",Capital One,LinkedIn,Internship,https://www.linkedin.com/jobs/view/lead-software-engineer-back-end-cloud-operations-resilience-engineering-at-capital-one-4235471597?utm_campaign=google_jobs_apply&utm_source=google_jobs_apply&utm_medium=organic,Fredericksburg,https://www.google.com/search?q=jobs&gl=us&hl=en&udm=8#vhid=vt%3D20/docid%3DtjPbCciHRcxmBCSeAAAAAA%3D%3D&vssid=jobs-detail-viewer
Lead Mobile Engineer (Android),Capital One,LinkedIn,Internship,https://www.linkedin.com/jobs/view/lead-mobile-engineer-android-at-capital-one-4235479498?utm_campaign=google_jobs_apply&utm_source=google_jobs_apply&utm_medium=organic,Fredericksburg,https://www.google.com/search?q=jobs&gl=us&hl=en&udm=8#vhid=vt%3D20/docid%3DiIFjSJbm1zoOz62ZAAAAAA%3D%3D&vssid=jobs-detail-viewer
